{
    "catalog":{
        "cd":[
            {
				"id":1,
                "title":"Empire Burlesque",
                "artist":"Bob Dylan",
                "country":"USA",
                "company":"Columbia",
                "price":10.9,
                "year":1985,
                "img": "imagen1.jpg"
            },
            {
				"id":2,
                "title":"Hide your heart",
                "artist":"Bonnie Tyler",
                "country":"UK",
                "company":"CBS Records",
                "price":9.9,
                "year":1988,
                "img": "imagen2.jpg"
            },
            {
				"id":3,
                "title":"Greatest Hits",
                "artist":"Dolly Parton",
                "country":"USA",
                "company":"RCA",
                "price":9.9,
                "year":1982,
                "img": "imagen3.jpg"
            },
            {
				"id":4,
                "title":"Still got the blues",
                "artist":"Gary Moore",
                "country":"UK",
                "company":"Virgin records",
                "price":10.2,
                "year":1990,
                "img": "imagen4.jpg"
            },
            {
				"id":5,
                "title":"Eros",
                "artist":"Eros Ramazzotti",
                "country":"EU",
                "company":"BMG",
                "price":9.9,
                "year":1997,
                "img": "imagen5.jpg"
            },
            {
				"id":6,
                "title":"One night only",
                "artist":"Bee Gees",
                "country":"UK",
                "company":"Polydor",
                "price":10.9,
                "year":1998,
                "img": "imagen6.jpg"
            },
            {
				"id":7,
                "title":"Sylvias Mother",
                "artist":"Dr.Hook",
                "country":"UK",
                "company":"CBS",
                "price":8.1,
                "year":1973,
                "img": "imagen7.jpg"
            },
            {
				"id":8,
                "title":"Maggie May",
                "artist":"Rod Stewart",
                "country":"UK",
                "company":"Pickwick",
                "price":8.5,
                "year":1990,
                "img": "imagen8.jpg"
            },
            {
				"id":9,
                "title":"Romanza",
                "artist":"Andrea Bocelli",
                "country":"EU",
                "company":"Polydor",
                "price":10.8,
                "year":1996,
                "img": "imagen9.jpg"
            },
            {
				"id":10,
                "title":"When a man loves a woman",
                "artist":"Percy Sledge",
                "country":"USA",
                "company":"Atlantic",
                "price":8.7,
                "year":1987,
                "img": "imagen10.jpg"
            },
            {
				"id":11,
                "title":"Black angel",
                "artist":"Savage Rose",
                "country":"EU",
                "company":"Mega",
                "price":10.9,
                "year":1995,
                "img": "imagen11.jpg"
            },
            {
				"id":12,
                "title":"1999 Grammy Nominees",
                "artist":"Many",
                "country":"USA",
                "company":"Grammy",
                "price":10.2,
                "year":1999,
                "img": "imagen12.jpg"
            },
            {
				"id":13,
                "title":"For the good times",
                "artist":"Kenny Rogers",
                "country":"UK",
                "company":"Mucik Master",
                "price":8.7,
                "year":1995,
                "img": "imagen13.jpg"
            },
            {
				"id":14,
                "title":"Big Willie style",
                "artist":"Will Smith",
                "country":"USA",
                "company":"Columbia",
                "price":9.9,
                "year":1997,
                "img": "imagen14.jpg"
            },
            {
				"id":15,
                "title":"Tupelo Honey",
                "artist":"Van Morrison",
                "country":"UK",
                "company":"Polydor",
                "price":8.2,
                "year":1971,
                "img": "imagen15.jpg"
            },
            {
				"id":16,
                "title":"Soulsville",
                "artist":"Jorn Hoel",
                "country":"Norway",
                "company":"WEA",
                "price":7.9,
                "year":1996,
                "img": "imagen16.jpg"
            },
            {
				"id":17,
                "title":"The very best of",
                "artist":"Cat Stevens",
                "country":"UK",
                "company":"Island",
                "price":8.9,
                "year":1990,
                "img": "imagen17.jpg"
            },
            {
				"id":18,
                "title":"Stop",
                "artist":"Sam Brown",
                "country":"UK",
                "company":"A and M",
                "price":8.9,
                "year":1988,
                "img": "imagen18.jpg"
            },
            {
				"id":19,
                "title":"Bridge of Spies",
                "artist":"T\"Pau",
                "country":"UK",
                "company":"Siren",
                "price":7.9,
                "year":1987,
                "img": "imagen19.jpg"
            },
            {
				"id":20,
                "title":"Private Dancer",
                "artist":"Tina Turner",
                "country":"UK",
                "company":"Capitol",
                "price":8.9,
                "year":1983,
                "img": "imagen20.jpg"
            },
            {
				"id":21,
                "title":"Midt om natten",
                "artist":"Kim Larsen",
                "country":"EU",
                "company":"Medley",
                "price":7.8,
                "year":1983,
                "img": "imagen21.jpg"
            },
            {
				"id":22,
                "title":"Pavarotti Gala Concert",
                "artist":"Luciano Pavarotti",
                "country":"UK",
                "company":"DECCA",
                "price":9.9,
                "year":1991,
                "img": "imagen22.jpg"
            },
            {
				"id":23,
                "title":"The dock of the bay",
                "artist":"Otis Redding",
                "country":"USA",
                "company":"Atlantic",
                "price":7.9,
                "year":1987,
                "img": "imagen23.jpg"
            },
            {
				"id":24,
                "title":"Picture book",
                "artist":"Simply Red",
                "country":"EU",
                "company":"Elektra",
                "price":7.2,
                "year":1985,
                "img": "imagen24.jpg"
            },
            {
				"id":25,
                "title":"Red",
                "artist":"The Communards",
                "country":"UK",
                "company":"London",
                "price":7.8,
                "year":1987,
                "img": "imagen25.jpg"
            },
            {
				"id":26,
                "title":"Unchain my heart",
                "artist":"Joe Cocker",
                "country":"USA",
                "company":"EMI",
                "price":8.2,
                "year":1987,
                "img": "imagen26.jpg"
            }
        ]
    }
}